barcode_id,brand,product_name,energy_kcal,sodium_mg,has_msg,country
5285000396437,null,,467.0,1600.0,0,"Morocco, en:tunisia"
0089686120073,Indomie,indoumi goût poulet,453.0,1840.0,0,"Morocco,Tunisia,Qatar"
8852018101024,Yum Yum,YumYum Chicken,62.9,252.0,1,"Tschechien,Dänemark,Frankreich,Deutschland,Niederlande"
5285000397465,beldi,Indomie,443.0,0.0,0,"Morocco, en:tunisia"
8801043150620,NONGSHIM,"Shin Ramyun Instant Noodles, Hot & Spicy",422.0,1520.0,1,"Croatia,France,Germany,South Korea,Switzerland,United Kingdom,Lithuania"
8852018101055,"YumYum, Yum Yum",Shrimp Flavour,78.0,336.0,1,"Finland,France,Germany"
5285000396819,Indomie,Poulet citron,447.0,730.0,1,"Morocco,Tunisia"
5000354405099,Batchelors,SUPER NOODLES Chicken flavour,146.0,187.0,1,United Kingdom
8852018101017,"Yum Yum, YumYum",YumYum Beef,79.0,384.0,1,"Belgique,Danemark,France,Allemagne,Thaïlande"
6111269970417,Noody,Ramen,440.0,1200.0,0,ma
8801073113893,Samyang,Carbonara Buldak Spicy Ramen,423.0,1020.0,0,"Finland,France,Germany,Morocco,Norway,Thailand"
3229820181363,Tanoshi,Ramen soja caramel,163.0,600.0,0,France
8901058000290,Nestle,maggi,384.0,1030.0,0,India
5997523313111,NISSIN,Soba classic,206.0,760.0,1,"Belgien,Frankreich,Deutschland,Schweiz"
8801073110502,"Buldak,Samyang",Buldak Original,379.0,1164.0,1,"Bolivia,Croatia,France,Germany,Morocco,Netherlands,South Korea,United Kingdom,United States"
8852018101062,Yum Yum,Vegetable Flavour,0.0,840.0,1,"Frankreich,Deutschland"
8712429350100,Nissin,Demae Ramen - Chicken,0.0,0.0,1,"Frankreich,Deutschland,Schweden,Schweiz,Vereinigtes Königreich"
8801073113428,"Buldak,Samyang",Spicy Ramen,393.0,971.0,0,"Croatia,Denmark,Finland,France,Germany,Morocco,Netherlands"
3229820762043,Tanoshi,Nouilles poulet teriyaki,84.0,296.0,0,France
8722700027775,"Knorr, Unilever","Soupe Thai  (Nouilles, champignons et pousses de soja)  د تای سوپ",377.0,3240.0,0,France
0089686120714,Indomie,Fried Noodles,475.0,1300.0,1,"France, Indonesia, en:morocco"
00322768,Sainsbury's,Medium egg Noodles,0.0,0.0,0,United Kingdom
8801073113312,Buldak,Buldak Artificial Spicy Chicken Flavor,407.0,971.0,0,"France,Germany,Malaysia,Morocco,Norway,Singapore"
00322775,Sainsbury's,Wholewheat medium Noodles,158.0,20.0,0,United Kingdom
5000118203503,Pot Noodle,Chicken & Mushroom Flavour Pot Noodle,457.0,830.0,1,"France,Ireland,United Kingdom,en:australia"
3229820765365,Tanoshi,Ramen saveur boeuf,160.0,760.0,0,France
8852018101031,Yum Yum,Instant Noodles Duck Flavour,75.0,388.0,1,"Kamerun,Frankreich,Deutschland"
8851876201549,Mama,Mama Instant Rice Noodles,353.0,68.0,0,"Finland,France,United Kingdom"
8410300349952,Gallina Blanca,Yatekomo Pollo,92.6,330.0,1,"Francia,España"
5060262485286,Itsu,Rice noodles Satay flavour,0.0,0.0,0,United Kingdom
3229820765372,Tanoshi,Nouilles japonaises saveur boeuf teppanyaki,80.0,340.0,0,France
5060262489741,Itsu,Rice noodles chick-n ramen,69.0,263.0,0,United Kingdom
5000118203664,KING,POT noodle Chicken & Mushroom flavour,136.0,235.0,1,"France, United Kingdom"
5060262485309,itsu,Rice noodles chilli miso,71.9,328.0,0,United Kingdom
3229820783017,Tien Shan,Nouilles de blé instantanées saveur poulet,111.0,0.0,1,France
5997523313159,Nissin,Soba Cup Noodles Teriyaki,203.0,592.0,1,"Belgium,France,Germany"
8410300352327,Gallina Blanca,Yakisoba classic,222.0,520.0,1,"Francia,España"
5997523311230,Nissin,SOBA Cup Yakitori Poulet,221.0,760.0,1,France
8712429350407,Nissin,"Demae ramen, sésame",91.0,440.0,1,"France, Germany, Switzerland, en:united-kingdom"
5285000395164,Maroc,Instant Noodles Vegetables Flavour,450.0,800.0,1,"France, Morocco, en:iraq"
3229820783031,Tien Shan,Mian Tiao saveur boeuf - 85 g - Tien Shan,112.0,320.0,1,France
8712429361106,Nissin,Demae Ramen Spicy,0.0,0.0,1,"Finnland,Frankreich,Deutschland,Schweden,Vereinigtes Königreich"
0841165156887,Noodlicious,Nouilles Instantanées : Poulet,479.0,1180.0,1,"Belgien, Frankreich, Germany"
0041789002113,Maruchan,Ramen Noodle Soup,430.0,1770.0,1,United States
8801043022705,Nongshim,SOON VEGGIE RAMYUN NOODLE,430.0,1640.0,0,"Croatie,République tchèque,France,Allemagne,Philippines,Roumanie,Russie,Suisse"
5997523317232,Nissin,Coup Noodles Beef,78.0,480.0,1,France
3038359003370,Lustucru,Lustucru banzaï noodle saveur curry,82.0,348.0,1,France
4088600260457,Make In Minutes By Aldi,Instant noodles chicken flavour,143.0,120.0,1,"France, en:united-kingdom"
4820179256918,REEVA,Instant soup with chicken flavor,413.0,2200.0,1,"Bulgaria, Romania, en:latvia"
0841165156870,Noodlicious,instant noodles,100.0,232.0,1,"Belgium, Germany, en:france"
5056053308667,Yorkshire Provender,Thai Green Chicken Noodles Soup,56.0,0.6,0,en:gb
8801043157742,Nongshim,Shin Kimchi,427.0,1800.0,1,"France,Germany,Switzerland,United Kingdom"
8445290753755,Maggi,Soupe chinoise déshydratée,27.0,220.0,0,France
3229820786711,"Tanoshi, Tanoshi japon",Nouilles Japonaises saveurs légumes et sauce soja,83.0,268.0,0,France
0070662010037,Nissin,Top Ramen Chicken Flavor Ramen Noodle Soup,447.0,106.0,1,United States
5997523315535,Nissin,Soba Chilli Noodles,0.0,0.0,1,"France,United Kingdom"
8852018101079,YumYum,Curry Flavour,0.0,0.0,1,"Belgium,France,Germany"
5052910433244,Tesco,Straight To Wok Medium Noodles,147.0,120.0,0,"France,United Kingdom,ireland"
5997523313135,"Cup Noodles, Nissin, Nissin Cup Noodles",Nudeln (instant) - Soba Chili mit Yakisoba-Sauce,208.0,480.0,1,"Belgien,Frankreich,Deutschland,Schweiz"
5060262485262,Itsu,Katsu rice noodles cup,338.0,1100.0,0,United Kingdom
8801043031011,Nongshim,Shin Cup Gourmet Spicy Noodle Soup,436.0,1928.0,1,"France,Germany,Spain,United Kingdom"
5997523324278,Nissin,Soba Classic,198.0,480.0,1,"Frankreich, Schweiz, Germany"
8480000224538,Hacendado,Noodles sabor pollo,94.0,320.0,1,Espanha
5901384506599,Ajinomoto,Nouilles sautées Yakisoba Curry Japonais,219.0,1.6,1,France
6091091000301,Apollo,Nouilles - Saveur Poulet,96.0,280.0,1,"France, en:mauritius"
0089686170047,Indomie,,1469.0,1560.0,1,"Hrvatska,Francuska,Njemačka,Maroko,Srbija"
3229820786681,Tien Shan,Nouilles de blé instantanées asiatiques saveur curry,77.0,400.0,1,France
0031146150601,NONGSHIM,SHIN NOODLES,433.0,1350.0,1,"France,United States,New Zealand"
5000118203480,Pot Noodle,Original Curry Flavour Noodles,136.0,184.0,1,United Kingdom
5997523324292,Nissin,Soba Chili,200.0,467.0,1,"France,Allemagne,Suisse"
4056489754541,"Kania, Lidl",Instant nuddles vegetable,99.0,315.0,1,"Francia,España"
5414972130385,Aïki,Aïki nouilles chicken,97.0,520.0,1,en:be
3229820794716,Tanoshi,Nouilles Japonaises Saveur Curry Kaponais Épicé,81.0,224.0,0,France
0841165156863,Noodlicious,Nouilles Instantanées : Bœuf,85.0,620.0,0,"Бельгія,Франція,Німеччина"
0089686122015,Indomie,Indomie Chicken Noodles,464.0,1900.0,1,"France, en:morocco"
8801073116467,"Buldak,Samyang",Buldak Nudeln,427.1,1180.0,1,Germany
5997523313005,"Cup Noodles, Nissin",Cup Noodles Chicken,77.0,472.0,1,"Frankreich,Deutschland"
5901384506582,"Ajinomoto,Oyakata",Nouilles de blé poulet teriyaki,242.0,720.0,1,"France,Pologne"
4088600461298,Asia Specialties,Medium noodles,156.0,104.0,0,en:gb
5997523315511,Nissin,soba classic noodles,206.0,511.0,1,"France, Spain, en:united-kingdom"
6091091000172,Apollo,Nouilles - Saveur Curry,97.0,200.0,1,France
8801043157728,Nongshim,Nouilles Chapaghetti Nongshim,430.0,800.0,1,"Czech Republic,Finland,France,Germany,Switzerland"
5050665023741,Naked,Thai Sweet Chilli Egg Noodles,90.0,324.0,0,"France, en:united-kingdom"
5997523315559,Nissin,Soba Teriyaki Noodles,205.0,600.0,1,"France, en:united-kingdom"
5997523317218,nissin,Cup noodles chiken,0.0,0.0,1,France
3250391945313,"Intermarché, Itinéraire Des Saveurs",NOUILLES INSTANTANEES SAVEUR POULET 3x65g,161.0,267.2,1,France
8801073115514,Buldak,Buldak Habanero Lime Ramen,378.0,1170.0,1,"Germany,Thailand,United States,Kazakhstan,Australia,Singapore,Malaysia"
5060960661562,Itsu,Crystal noodles sesame glaze,120.0,334.0,0,United Kingdom
5000118203688,King Pot Noodle,pot noodle original curry,137.0,184.0,1,"France,United Kingdom,Ireland"
4056489754527,VITASIA,Kania,99.0,292.0,1,France
8901058000306,Nestle,Maggi noodles masala,386.0,1030.0,0,India
8801073114531,Samyang,Buldak Kimchi : Hot chicken flavor ramen,385.0,1270.0,0,"Finland, South Korea, en:germany"
5901882110014,"Tan-Viet, Vifon",Kurczak Zloty,72.0,280.0,1,"France, Poland, en:united-kingdom"
8888056603862,Koka,The Original Chicken Flavour,81.0,243.0,1,"France,Ireland,Portugal,United Kingdom"
8410300352280,Gallina Blanca,,224.0,480.0,1,"Francia,Singapur,España"
3038359911828,Panzani,Banzai noodle,83.0,480.0,1,en:fr
3580282816355,Chao'An,Nouilles asiatiques,352.0,0.0,0,France
5901384506575,Oyakata,Yakisoba soja classique,241.0,560.0,1,"Poland, en:france"
5997523324315,Nissin,Soba Wok Style Teriyaki,198.0,5520.0,1,"France,Allemagne,Espagne"
8712429350209,Nissin,Demae Ramen Beef Flavour,0.0,0.0,1,"Frankreich,Deutschland,Niederlande,Schweiz"
26038551,"Asia Green Garden, Petit Furet",Nouilles instantanées aux légumes,482.0,2520.0,0,"Australie, France"
3038359911811,Bandzaï noodle,Nouilles,288.0,1640.0,1,en:fr
5000118203695,King Pot Noodle,pot noodles bombay bad boy,136.0,163.0,0,United Kingdom
6111269970226,noody,instant noodles,0.0,0.0,0,en:Morocco
8801073114548,Samyang,Buldak 3x spicy,400.0,1090.0,1,"Germany,South Africa,South Korea"
5997523315733,Nissin,Soba Yakitori Chicken Noodles with Yakisoba Sauce,213.0,1.4,1,"France, en:united-kingdom"
4002359015489,Suzi wan,Nouilles saveur Pad thaï Crevettes,119.0,225.0,0,"Germany, en:france"
5000354914409,Batchelors,"Super Noodles, Curry Flavour",489.0,524.0,1,United Kingdom
8994963002800,INDOMIE,indomie Noodles,474.0,1130.0,1,"France, Germany, en:united-kingdom"
6111242801479,Unknown,Nouilles instantanées,334.0,400.0,0,"France, en:morocco"
5060250611406,kabuto noodles,chilli chicken ramen noodles imp,66.0,320.0,0,en:gb
3229820765389,Tanoshi,Nouilles Japonaise saveur crevette,81.0,224.0,0,France
3229820799896,Tanoshi,Nouilles japonaises saveur miso shiitaké & wakamé,60.0,304.0,0,France
5901384506650,Oyakata,Nouilles de blé,84.0,0.0,1,"Poland, en:france"
8480000087300,Hacendado,Yakisoba sabor soja,204.0,520.0,1,España
8712429130207,NISSIN,Cup Noodles 5 Spices Beef,81.0,440.0,1,"Frankreich,Deutschland,Schweiz"
8720182691835,Knorr,"Soupe Chinoise bouillon aux épices, nouilles, champignons noir",334.0,2480.0,0,France
5901384503635,Oyakata,Oyakata Japanese Classic Noodle Dish Cup,241.0,560.0,1,"Njemačka,Francuska,Nizozemska,Hrvatska,Italija"
5060250611390,Unknown,Chicken Ramen Noodles,66.0,360.0,0,en:gb
4056489754534,Vitasia,Instant Noodles Shrimp,99.0,0.0,1,"en:fr,"
0841165156832,Noodlicious,Instant Noodles Chicken,80.0,344.0,1,"France,en:be"
8852018101154,Yum Yum,Japanese Chicken Flavor,69.0,360.0,1,"Frankreich,Deutschland"
4820179253313,Reeva,"Instant Nudeln, Huhn",298.0,0.0,1,"Germany, United Kingdom, en:romania"
0841165156856,Noodlicious,Noodlicious beef Flavour,81.0,392.0,1,"Belgium,France,Germany"
9555022300016,Mamee,Nouilles instantanées saveur poulet,96.0,480.0,0,"Frankreich, Schweiz, Germany"
8712857981037,Noodlicious,Korean Ramen,84.0,307.0,0,"Germany, en:france"
5000354907357,Batchelors,Chicken Flavour Super Noodles,132.0,256.0,1,"France, en:united-kingdom"
5901384506636,Oyakata,Ramen Miso et Légumes,86.0,320.0,1,"Francja,Polska"
8722700153276,King,Pot Noodle Beef & Tomato flavour,463.0,690.0,1,"France, en:united-kingdom"
5901384506629,Oyakata,Yakisoba saveur Poulet pad thaï,236.0,560.0,1,"Poland, en:france"
8801073113947,SAMYANG,Jjajang Hot Chicken Flavor Ramen,400.0,1010.0,0,"France,Germany,Morocco,Norway"
6923744359002,Unknown,Noodles orientales,110.0,280.0,0,"en:fr, en:martinique"
5059697718687,Hearty Food Company,CHICKEN FLAVOUR INSTANT NOODLES,157.0,80.0,0,en:gb
5000118203497,Pot Noodle,Pot Noodle Beef & Tomato flavour,150.0,0.0,1,"France,Ireland,United Kingdom,en:united-kingdom"
8850987101090,Mama,"Nuudelit, kananmakuinen",62.0,433.0,1,"France,Germany,Switzerland"
3229820801605,Tanoshi,Nouilles japonaises Udon saveur Poulet Teriyaki,71.0,232.0,0,en:fr
8801043028158,Nongshim,Shin Kimchi Noodles,436.0,2360.0,1,"France, Germany, Poland, en:united-kingdom"
4056489750307,Kania,Instant noodles chicken flavour,100.0,288.0,1,en:fr
3229820801155,Tanoshi Corée,Ramen kimchi,160.0,370.0,0,en:fr
6923744359118,Unknown,Noodles orientales,110.0,280.0,0,en:fr
5997523329013,Nissin,Soba Fried Noodles Classic,198.0,500.0,1,"France, en:united-kingdom"
3036815444668,Daisuki,Nouilles saveur Poulet Teriyaki,92.0,332.0,1,France
5997523317096,Nissin,NOUILLES JAP. Crevettes Hamayaki,81.9,400.0,1,France
0089686170726,Indomie,Mi goreng Fried Noodles,471.0,918.0,1,"Australia,France,Indonesia,United States"
5997523315818,Nissin,Soba Cup Noodles,203.0,3280.0,1,"Germany,United Kingdom"
4002359018831,Suzi Wan,Nouilles Ramen saveur Boeuf Korean BBQ,167.0,440.0,0,France
3250392057183,itinéraire des saveurs,Saveur d'Asie - Cup Nouilles saveur poulet,91.4286,2320.0,0,France
19010588,"Maggi,Nestle",Chicken noodles,434.0,1255.1000000000001,0,India
7613036680028,MAGGI,Nudel Cup Xhicken Tase,103.0,440.0,0,"Österreich,Frankreich,Deutschland"
5000354405105,Batchelors,BBQ super noodles,151.0,157.0,1,en:United Kingdom
5997523312152,Nissin,Soba Classic Cup,206.0,520.0,0,"Sweden, en:romania"
0941458000290,Maggi,2-minute Noodles,443.0,671.0,0,"United States, en:india"
7613035062795,Maggi,3 Minute Chicken Flavour Noodles,459.0,2.48,0,"France, en:united-kingdom"
5050665022584,Naked Noodle,Egg Noodles Singapore Curry,83.0,212.0,0,"France, en:united-kingdom"
0089686170108,Indomie,Instant noodles chicken flavour,454.0,1680.0,1,"Bulgaria, France, Germany, en:romania"
5050665020429,Naked,Chinese Style Chow Mein Egg Noodles,89.6,365.0,0,en:gb
6091091000189,Apollo,Nouilles Instantanées - Saveur Crevettes,95.0,280.0,1,"France,Maurice"
5050665039841,Naked,Naked noodle soup,90.0,516.0,0,en:gb
8801045999906,Otoki,Jin Ramen Mild Noodle Soup,418.0,1570.0,1,"Australia,France,Qatar"
5023751000308,ko-lee,Instant Noodles,109.0,241.0,1,en:gb
8712566332137,Knorr,"Knorr Fix, Hühnersuppe",31.0,304.0,0,"France,Germany"
5901384506605,Ajinomoto,Yakisoba saveur boeuf wasabi,243.0,640.0,1,France
00159326,"Sainsbury's,By sainsbury's",Quick cook ribbon noodles,181.0,70.7,0,United Kingdom
0089686010947,Indomie,Indomie Mi Goreng Fried Noodle 85G,447.0,1260.0,1,"Perancis,Indonesia"
20567392,Vitasia,Wok noodles curry,161.0,72.0,0,"Frankreich, Germany"
5997523329037,Nissin,Soba Chilli Noodles,200.0,459.0,1,"France,United Kingdom"
5901384503642,Oyakata,Oyakata Japanese Chicken Teriyaki,242.0,720.0,1,"Francuska,Njemačka,Nizozemska,Hrvatska,Italija"
8480000224552,Hacendado,Fideos instantáneos sabor picante,93.0,388.0,1,Espanha
8801073140578,Samyang,Buldak Bokkeummyeon,400.0,1160.0,0,"Australia,Germany,United States"
8000050019443,Saikebon,Noodles alle verdure,92.0,300.0,1,Italy
5000118203541,Pot Noodle,Pot Noodle Bombay Bad Boy 90g,134.0,160.0,0,"France,United Kingdom"
3036811366506,Liebig,soupe à la chinoise,23.0,340.0,0,France
5997523315856,Nissin,Big Soba Teriyaki 230g,201.0,600.0,1,en:gb
5060262487884,Itsu,Sesame chicken,85.0,256.0,0,en:gb
8850100002488,"Thai Preserved Food Factory Co. Ltd., Wai Wai, ไวไว",Instant Noodles Casserole Beef Flavour,87.0,440.0,1,"France, United States"
8888056708109,Koka,Spicy Stir Fried Instant Noodle,0.0,0.0,0,"France, Ireland, en:united-kingdom"
3229820762036,Tanoshi,Nouilles japonaises saveur porc tonkotsu,81.0,272.0,0,France
8888056603961,Koka,Kola Noodle,461.0,1480.0,1,"France, en:united-kingdom"
8720182414137,Pot Noodle,Pot Noodle Lost the pot Chicken 85g,121.0,220.0,1,en:gb
8852018101147,"Yum Yum, YumYum",Grilled Chicken Flavour,281.0,1190.0,1,"France,Germany,Spain,Norway"
8712429130405,Nissin,Cup Noodles Crevettes,80.0,400.0,1,"Frankreich,Deutschland,en:Deutschland,en:Frankreich"
3229820803272,Tanoshi,Nouilles de riz précipités saveur poulet pour soupe pho,109.0,520.0,0,en:fr
0041789002311,"Maruchan,Maruchan  Inc.",Maruchan Chicken-Flavor Ramen Noodle Soup,441.86,1961.12,1,United States
8720828404324,Tummie Time,Korean BBQ noodles,439.0,1062.0,1,en:fr
8801073210776,Samyang,Buldak Original Spicy Ramen Cup,400.0,900.0,0,"France, Singapore, en:united-kingdom"
8801073141896,Samyang,Buldak HOT Chicken Flavor Ramen,393.0,983.0,0,"Australia,France,United States"
3229820181370,"Tanoshi, tanoshi Japon",Ramen saveur Crevette - Nouilles japonaises précuites,161.0,669.0,0,France
5050665045354,Naked,Japanese Style Chicken Yakisoba,103.0,405.0,0,en:gb
3229820783024,Tien Shan,Mian Tiao saveur crevettes - 85 g - Thien Shan,83.0,320.0,1,France
8720618986580,Unknown,Asian Style Chicken Flavour,439.0,1688.0,0,en:fr
8850987128547,MAMA,Noodle Creamy Shrimp Tom Yum,71.0,0.0,1,"Australia, Belgium, Finland, France, en:united-kingdom"
3250391945344,"Intermarché, Itinéraire des Saveurs",NOUILLES INSTANTANEES SAVEUR BŒUF 3x65g,148.0,332.0,0,France
3560071451714,Carrefour,Noodles saveur poulet & curry,109.0,284.0,0,en:fr
0041789002120,Maruchan,Ramen Noodle Soup Beef Flavor,442.0,1670.0,1,United States
3229820799902,Tanoshi,Nouilles saveur poulet yakitori et gingembre,60.0,304.0,0,en:fr
5901384506681,Ajinomoto,Ramen nouille de blé saveur poulet shio,90.0,388.0,1,"France,Pologne"
5997523317072,Nissin,Cup Noodles Hot Chili Spicy - Roasted Sesame Soup,79.0,520.0,1,Germany
5414972130415,,Aiki Noodle Hot & Spicy,97.0,520.0,1,Belgium
0041789001215,Marchand,Ramen,453.0,1800.0,1,Vereinigte Staaten von Amerika
4088600461243,Aldi,Ready to Wok rice noodles,146.0,56.0,0,en:gb
6923744319129,Noodle Master,Nouilles yakisoba saveur poulet cacahuètes,474.0,560.0,0,France
8852018800019,Yum Yum,Yum yum Thai coconut soup,104.0,800.0,1,France
3038359911835,Banzaï Noodle,Banzaï Noodle saveur curry,82.0,520.0,1,en:France
5997523313234,Nissin,Soba Yakitori Chicken,221.0,760.0,1,"Frankreich,Deutschland"
8901058851298,"Nestlé,Maggi",Maggi 2-minutes Noodles,437.0,1232.2,0,India
20536350,Kania,Pasta i Basta,79.0,280.0,0,"Česko,Maďarsko,Rumunsko"
8801043021883,Nongshim,China Nudeln,422.0,1495.0,0,"Germany, en:united-kingdom"
5901384506698,Oyakata,Ramen soja,90.0,0.0,0,"Poland, en:france"
5050665048690,Naked,Noodles,128.0,420.0,0,en:gb
8000050019436,Saikebon,Saikebon noodles manzo,91.9,317.0,0,"Francia,Italia"
5997523314804,Nissin,Cup Noodles Teriyaki Chicken,87.0,280.0,0,en:United Kingdom
5285000397847,Unknown,Nouilles instantanées,448.0,0.0,0,en:Morocco
8480000087270,Hacendado,Yakisoba sabor soja,219.0,560.0,1,Spain
8801043025256,Nongshim,Shin noodle spicy,436.0,1416.0,0,"Finland, France, Germany, Switzerland, en:united-kingdom"
0089686170115,Indomie,Chicken Flavour Noodles,444.0,1970.0,0,France
5050665048652,Naked,Ultimate noodles naked Japanese style chicken,142.0,318.0,0,en:United Kingdom
8801073114814,Samyang,Buldak Cream Carbonara Hot Chicken Flavor Ramen,393.0,1110.0,1,"Canada, Vietnam, en:morocco"
5060250611420,Unknown,Vegtable Laska imp,72.0,120.0,0,en:gb
5060960661586,Itsu,Crystal Noodles Sweet Soy Glaze,214.0,1080.0,0,en:United Kingdom
8994963002824,Indomie,Noodles Chicken,444.0,1970.0,1,"France,Poland,Indonesia"
8710522627433,"Knorr, Unilever",Asia Noodles - Chicken Taste,84.0,300.0,1,en:Germany
8852018201021,Yum Yum,Chicken Flavour,479.0,1390.0,1,"Frankrijk,Spanje"
8801043053167,Nongshim,Super Spicy Red Shin,426.0,1280.0,1,"Polen, Spanien, Germany"
5060960663245,Itsu,Big Bowl Noodles Sesame Ramen,72.1,300.0,0,en:United Kingdom
4056489354918,Lidl,Noodles instant chicken,163.0,208.0,0,en:gb
3229820803203,Tanoshi,Nouilles saveur Kimchie,61.0,336.0,0,en:fr
8801073113404,Buldak,Artificial Spicy Chicken Flavor Curry,414.29,948.0,1,"France,Germany,Norway"
5901384504854,Ajinomoto,Oyakata Japanese Curry,0.0,0.0,1,"France,Germany,United Kingdom"
8852018511052,Yum Yum,"Nouilles instantanées saveur poulet, pack de 5",76.0,320.0,1,"Frankreich,Deutschland"
8850987128561,Mama,Mama Chicken,72.0,393.0,1,"France, Germany, en:finland"
0070662030035,"Nissin,Cup Noodles",Cup Noodles Chicken Flavor,453.0,1810.0,0,"Bolivia,Estados Unidos"
5997523311216,Nissin,SOBA Cup Sukiyaki Bœuf,220.0,760.0,1,France
0059491000501,MR. NOODLES,Instant Noodles,442.0,1400.0,1,"Canada,France"
8606108584163,Indomie,Noodles,444.0,1928.0,0,"France,Germany"
8445290435712,Maggi,Chicken Flavor Noodles,88.0,292.0,0,en:gb
7613035261563,Maggi,MAGGI soupe repas façon curry,75.0,200.0,1,France
8850100002471,WaiWai,Instant Noodles Chicken Flavour,81.0,1000.0,1,France
4820179253320,Reeva,Instant noodles beef,398.0,2400.0,1,"Vereinigtes Königreich, Germany"
8801043032285,Nongshim,Kimchi Ramyun Noodle Soup,430.0,2080.0,1,"Germany, en:united-kingdom"
5997523317133,Nissin,Nouilles Japonaises Piment et Sésame,79.0,520.0,1,France
3038359004223,Lustucru,Lustucru banzaï noodle saveur crevette 60g,83.0,440.0,1,France
5997523315832,Nissin Foods,Cup Noodles Big Soba Wok Style,204.0,480.0,1,"Vereinigtes Königreich,Deutschland"
3564706501959,"Marque Repère, Tables du Monde",Nouilles asiatiques instantanées crevette - cup,0.0,2520.0,1,France
5060430292623,Unknown,Fresh Thai noodles Thai green,94.88528,172.0,0,en:gb
7613036683371,Maggi,Noodle cup beef taste,103.0,400.0,0,"Austria, France, en:germany"
6111269970011,Noody,Instant Noodles SHRIMP FLAVOUR,437.142857142857,0.0,0,ma
4019339646113,Davert,Noodle Cup No. 11 Linsen Bolognese,96.7,238.0,0,Germany
6091091000196,Apollo,Nouilles Légumes Apollo,95.0,200.0,1,"France, en:reunion"
0089686171679,Indomie,Mi Goreng Stir Fry Noodles Hot & Spicy Flavour,462.0,1010.0,1,"ประเทศฝรั่งเศส,ประเทศสวิตเซอร์แลนด์"
3564700696910,"Marque Repère, Tables du Monde",Nouilles instantanées (saveur boeuf),479.0,2560.0,1,France
5285000390640,Indomie,Indomie instant noodles,317.0,0.0,0,"United Arab Emirates, en:morocco"
8801043061674,Nongshim,Shin Ramyun stir fry,459.0,1000.0,1,"Australien, Germany"
7613037683608,Maggi,Saucy Noodles Sweet Chili,117.0,252.0,0,Germany
0070662010020,"Nissin,Nissin Foods (Usa) Co.  Inc.",Top Ramen - beef,447.0,1560.0,1,États-Unis
4061462213076,Asia Green Garden,Instant-Nudeln Vegetable,73.0,0.0,1,Deutschland
8852523206030,"Thai Chef,Thai President Foods",Instant noodles (chicken flavour),439.0,1396.8,1,"Germany,Morocco"
3560070957293,Carrefour,Noodles saveur curry,85.0,260.0,1,"France,Spain"
6921555506035,"Jml,今麦郎",Nouilles champignons,495.0,2310.0,1,"Chine,France"
3760275572486,Autour du riz,,73.0,320.0,0,"France,Italy"
3229820799919,Tanoshi,Nouille japonaises saveur Miso légumes Yasai,61.0,304.0,0,France
9555022300054,Mamee,Nouilles instantanées saveur légumes,77.0,560.0,0,France
3229820796482,tien shan,Nouilles de riz thai coriandre et epices,62.0,320.0,0,France
5997523315757,Nissin,soba noodles duck,203.0,452.40000000000003,1,"Ireland,United Kingdom"
3564706501874,"Marque Repère, Tables du Monde",Nouille asiatique poulet,0.0,2680.0,1,France
5901384503734,Ajinomoto,Oyakata Chicken Ramen,90.0,332.0,1,"Frankreich,Deutschland"
3564706501911,"Marque Repère, Tables du Monde",Nouilles instantanées curry,460.0,1840.0,1,France
3229820799889,Tanoshi,Nouilles japonaises Boeuf gyudon,0.0,0.0,0,France
0089686170924,Indomie,Mi goreng Fried Noodles,227.26030857143,370.85714285714,1,"Australia,Indonesia,New Zealand"
3661945390037,Korean Food,Nouilles Udon Cup Bœuf - Korean Food Style,149.0,1080.0,0,France
4056489192244,Lidl,Instant noodles,338.0,3462.0,0,en:fr
3564706501836,"Marque Repère, Tables du Monde",Nouilles asiatiques instantanées saveur boeuf - cup,463.0,2280.0,1,France
3229820802534,Tanoshi,Nouilles Saveur Poulet Gochugaru,65.0,292.0,0,"en:fr,"
8934563284152,Unknown,Pho wok,406.0,1320.0,1,en:fr
5021476000825,REN Skincare,Shot Chicken & Sweetcorn Noodles,81.5,242.0,0,"United Kingdom, en:australia"
8801073115088,Samyang,Buldak Spicy Ramen Quattro Cheese Artificial Spicy Chicken Flavor,407.0,1320.0,1,en:ca
4820179256932,Reeva,Fidea de preparare rapidă cu gust de pui picant,413.0,2160.0,1,"Молдова,България"
4820179257519,Reeva,Reeva Instant Nudelgericht GEMÜSE,0.0,0.0,1,en:Germany
8801045999913,"Ottogi Ramyon, Ottogi",Jin Ramen Spicy,421.0,1480.0,1,"Australien, Frankreich, Germany"
8712857981150,Unknown,Instant Noodles Beef Flavour,92.0,416.0,0,en:fr
8000050021644,Star,Saikebon noodles yakisoba manzo,232.0,0.0,1,Italie
8402001021985,Hacendado,Fideos instantáneos sabor Pollo,98.0,280.0,1,Espanha
5901882110069,Vifon,Kurczak curry instant noodle soup,70.0,1750.0,1,Poland
8850987123412,"Mama,Thai President Foods",Cup Chicken Flavour,81.0,354.0,1,Switzerland
5000175409023,Batchelors,Cup a Soup Chicken Noodle 4 Pack,35.0,220.0,1,en:United Kingdom
8994963002794,Indo Mie,Instant noodles,483.0,880.0,1,"France, Germany, en:united-kingdom"
5059697695803,Hearty {Tesco),Curry Flavour Instant Noodles,165.0,120.0,0,en:gb
3250392057152,Itinéraire des Saveurs,Cup Nouilles Saveur boeuf,294.0,1600.0,1,France
6920152460061,"康师傅, Master Kong",红烧牛肉面,512.0,960.0,1,"China, Spain, Germany"
3564700696927,"Marque Repère, Tables du Monde",Nouilles Instantanées Saveur Poulet,501.0,2040.0,1,France
8850987131707,Mama,Mi Goreng,0.0,0.0,1,"France, Germany, United States, en:united-kingdom"
7613037870046,"5 Minuten Terrine, Maggi",Spaghetti Bolognese,93.0,292.0,0,en:de
5000354405013,batchelors,Super Noodles Bacon Flavour,151.0,164.0,1,United Kingdom
5901384503789,Ajinomoto,Oyakata Miso Ramen,0.0,0.0,1,"Frankreich,Deutschland,Niederlande"
5901384505325,"Oyakata,Ajinomoto",Chicken ramen,0.0,0.0,1,"Poland,Norway"
5997523335410,Nissin,,90.0,388.0,1,"Francja,Niemcy,Holandia,Polska,Szwecja"
8852018201014,YumYum,Nouilles instantanées Boeuf,98.5,488.0,1,"Allemagne,en:Frankreich"
5901384506674,Ajinomoto,Oyakata - Ramen Nouilles de blé longues et fines saveur Miso & Légumes,98.0,420.0,1,en:france
7613030700067,"Nestlé, Maggi",Nudeln gebratene Ente,187.0,512.0,0,"France,Germany"
3229820786674,Tien Shan,Nouilles de blé saveur canard,78.0,2240.0,1,France
8850987101083,MAMA,Oriental Style Instant Noodles Shrimp Flavour,467.0,2720.0,1,"Belgium,Canada,France,Germany"
8801073116474,"Buldak,Samyang",Cheese Flavour Buldak Hot Chicken Flavour Ramen,397.0,1180.0,0,"Tyskland,Norge"
8801043157711,Nongshim,Instand Nudeln,407.0,1456.0,0,"France,Germany"
6921555509357,JML,Instant Noodles Vegetable Flavour,474.0,0.0,1,France
4088600260426,Make in minutes By Aldi,Instant noodles curry flavour,162.0,169.0,1,en:gb
8720182777386,Knorr,Knorr Asia Noodles Vegetable Pkg,92.0,288.0,1,en:germany
8901058901580,Nestlé,Maggi 2-Minute Noodles,409.0,4288.0,0,en:fr
9556001255693,maggi,2 Minute Chicken Flavour Noodles,70.0,232.0,1,en:gb
8445290378415,Maggi,noodle Snack,321.0,0.0,0,en:germany
8852018800033,EiEi,Yum yum,78.0,336.0,1,en:fr
9556001135957,"Nestlé, Maggi",Curry Flavour Instant Noodles,454.0,1680.0,1,"France, Norway, en:united-kingdom"
8410300349976,Gallina Blanca,Yatekomo Oriental,0.0,0.0,1,"France,Poland,Spain"
8998866200301,Mi Sedaap,Mi Sedaap,467.0,1300.0,0,"Indonesia,Philippines"
8710522627570,Unox,good noodles,85.0,264.0,1,"France,Netherlands"
8901058901511,Maggi,2-minute noodles,427.0,469.0,0,India
8000050021651,"Saikebon, Star",Noodles Yakisoba Pollo,232.0,560.0,1,"France, Italy, Germany"
6923744306105,Noodle Master,Noodle master arôme poulet Teriyaki,103.0,320.0,1,France
5060250611437,Unknown,Katsu Curry,67.0,240.0,0,en:gb
3256225148653,U,Nouilles cup cuisinées saveur curry 70g,101.0,440.0,0,France
8712429176304,Nissin,"Soupe de nouilles de style japonais, saveur Poulet",86.0,480.0,1,"France, en:be"
8852018511045,Yumyum,Nouilles chinoises,75.0,360.0,1,France
6091091001681,Apollo,Nouilles Instanées - Saveur Boeuf Rôti,460.0,789.0,1,France
5997523315719,Nissin,Soba Sukiyaki Beef,220.0,0.0,1,en:gb
7613037639858,"Nestlé, Maggi",5-Minuten: Spaghetti in Tomatensauce,97.0,324.0,0,Deutschland
8714100666838,Knorr,Nudle ser w ziołach,86.3,349.0,1,Polska
8801043157766,nongshim,Seafood Ramyun,418.0,1680.0,0,"Frankreich,Deutschland,en:germany"
5997523312114,"Nissin,Nissin Foods",Cup Noodles 5 spices Beef Aromatic Spicy Soup,0.0,0.0,0,"Denmark,Germany,Norway"
8901014000159,Nissin,nissin,477.3,3324.0,0,in
3560071451707,Carrefour,Noodles saveur boeuf & soja,107.0,276.0,0,en:fr
3379140106987,Kailo brand,Nouilles instantané Saveur Poulet,492.0,2200.0,1,France
8714100698068,Knorr,Snack Pot Käse Sahne,105.0,0.7010000000000001,0,"Österreich,Frankreich,Deutschland"
0648436101276,Paldo,Paldo Volcano Chicken Noodle 140G,386.0,397.0,1,"Francuska,Norveška,Hrvatska"
8801043055604,Nongshim,Bowl Noodle Hot&Spicy,435.0,1760.0,1,France
3036815444675,Daisuki,Nouille Saveur Boeuf Gyudon,91.0,320.0,1,France
0089686170054,Indomie,noodles,467.0,1600.0,0,"Belgija,Bosna i Hercegovina,Bugarska,Hrvatska,Crna Gora,Sjeverna Makedonija,Republika Srpska,Slovenija"
3038359911064,Banzai noodle,Banzai Noodle,77.0,316.0,1,France
0041789002175,Maruchan,Ramen Noodle Soup Shrimp Flavor,430.0,1630.0,1,États-Unis
8712566488407,Conimex,Wok noodles (pate Pour Wok),353.0,292.0,0,"Belgium, France, Germany"
0031146270606,NONGSHIM,SHIN CUP NOODLE SOUP,440.0,1750.0,0,"United States, en:thailand"
4002359671135,SUZI WAN,Nouilles en pot saveur poulet curry  Suzi Wan 62 g,109.0,232.0,0,France
5000354914416,Batchelors,Super Noodles Chow Mein Flavour,153.0,164.0,1,United Kingdom
8712429176403,Nissin,Nouilles japonaise saveur boeuf SUKIYAKI,86.0,440.0,1,France
5997523315771,Nissin,Wok Style Soba Japanese Curry,203.0,551.0,0,"Italy, en:united-kingdom"
3229820801612,Tanoshi,Nouilles japonaises saveur bœuf gyudon,72.0,216.0,0,en:fr
0811670030040,Ocean's Halo,Organic Ramen Noodles,367.0,600.0,0,United States
8801045521312,Ottogi,Kimchi ramen,417.0,1480.0,1,France
8801073115422,Samyang,Jjajang Ramen,386.0,920.0,1,"Italien, Germany"
5997523328092,Nissin,Soba Chilli Noodles,200.0,459.0,0,en:Belgium
0041789002144,Maruchan,"Maruchan Ramen noodle soup, Soy Sauce Flavor",435.0,2070.0,1,"Switzerland,United States"
8711200336128,Amino,,78.0,284.0,1,"Niederlande, Polen, Vereinigtes Königreich, Germany"
3256225148813,U,Nouilles cuisinées cup saveur poulet 70g,106.0,264.0,0,France
5601260593605,Cigala,Banzai Noodle* Sabor Galinha,431.0,4660.0,1,Portugal
8852018201069,,Japanese chicken,95.0,480.0,0,France
8714100396575,Knorr,Asia noodles chicken mit hühnerfleischaroma,91.0,300.0,1,"Frankreich, Schweiz, Germany"
26032634,"Dulfrance, Les Printanières",Soupe Chinoise Nouilles et Champignons Noirs,132.0,1710.0,0,France
4019339646052,Davert,Noodle Cup - Thailändisch,101.0,344.0,0,Germany
8445290378545,Magic Asia,Nudelsnack Ente,77.0,400.0,0,en:germany
8801043060226,Nongshim,Shin Ramyun Black,427.0,4100.0,1,"Frankreich, Germany"
8801043157773,Nongshim,Soupe Nouille Néoguri Ramyun seafood,410.0,1200.0,0,"Österreich,Deutschland"
5901384503772,Oyakata,oyakata soy sauce noodles,79.0,372.0,1,"Frankreich, Germany"
0059491000358,MR. NOODLES,Instant Noodles,442.0,1300.0,1,"Canada,France"
0068400032632,lipton,Chicken Noodle Soup 25% less salt,368.0,2470.0,0,"Kanada,Deutschland"
8410300351108,Gallina Blanca,Yatekomo curry,95.0,304.0,1,"Francia,España"
8901058009705,"Maggi,Nestle",Veg atta noodles,314.0,799.0,0,India
0089686120226,Indomie,Indomie,467.0,900.0,1,"France, Jordan, en:saudi-arabia"
3661945390044,Korean Food Style,Nouilles UDON Cup Poulet - Korean Food Style,154.0,1080.0,0,France
0041789002960,maruchan,Maruchan ramen,0.0,0.0,0,"Spain, en:mexico"
0089686041705,"Indomie, Indofood",Indomie - Mi Goreng Jumbo,482.0,920.0,1,"United States, en:indonesia"
9556001137722,Maggi,2 Minute Noodles Chicken flavour,78.6,64.8,1,"Australia,New Zealand"
5206674101028,Oriental Express,Instant noodles with Pecking duck,0.0,0.0,0,en:Greece
5997523313272,Nissin,Soba Cup Noodles,208.0,560.0,1,"Frankreich, Germany"
8850987128400,"mama,มาม่า",Instant Cup Noodles Shrimp Creamy Tom Yum Flavour,450.0,3000.0,0,ประเทศไทย (Thai)
8720182406354,"Knorr,Unilever",Spaghetteria Spinaci,100.0,256.0,0,Deutschland
7613036679978,Maggi,Asia Noodle Cup Duck,104.0,1080.0,0,"Frankreich,Deutschland,Griechenland"
8801043055628,,Bowl Noodle kimchi flavor,439.0,2120.0,0,en:it
6921555509869,JML,Nouilles instantanées goût crevette,450.0,800.0,0,France
3038359911057,Banzai noodle,Banzai noodle,83.0,396.0,1,France
8801043032308,"Nongshim, Nongshim Suppe",Tempura UDON,423.0,1160.0,0,"Frankreich, Schweiz, Germany"
5997523313197,Nissin,Soba Thai,216.0,720.0,1,"Frankreich,Deutschland"
8888056708512,Koka®,Oriental Instant Noodles: Vegetable Flavour,0.0,0.0,1,"France,United Kingdom"
8711327414921,Knorr,Knorr Pasta Snack Brokkoli-Käse-Sauce,102.0,272.0,0,Deutschland
0041789002922,Maruchan,Maruchan Ramen Sabor a Carne de Res,0.0,0.0,1,"Bolivia,España,Panamá,Argentina"
8801045521015,Ottogi,Yeul Ramen. Ottogi,417.0,1480.0,1,France
7613037683660,Maggi,Saucy Noodles Teriyaki,458.0,1300.0,0,Germany
8852018511083,Yum Yum,Nouilles Instantanées au Boeuf,0.0,0.0,1,France
8888056603916,Koka,Koka,81.2,252.0,1,"France,United Kingdom"
5997523313333,Nissin Cup Noodles,Roasted Duck Sweet Onion Soup,72.7,364.0,1,"Frankreich,Deutschland,Schweiz,Niederlande,Polen"
5997523313357,"Cup Noodles, Nissin",Veggie Miso,80.0,440.0,1,"France,Germany"
7613031923281,Maggi,Fusian Yakisoba classico noodles,437.0,983.0,0,Spain
0031146250103,Nongshim,Bowl Noodles Hot & Spicy Flavor,419.0,1850.0,0,"United States,New Zealand"
0089686130027,Indofood,Indomie Instant Noodles Chicken Flavor,450.0,0.0,0,France
0059491000778,Mr. Noodles,Instant Noodles,442.0,1580.0,1,Canada
7350035210114,Samyang,Samyang Ramen Biff smak,463.0,2000.0,1,Sverige
0070662130032,Nissin,The Original Cup Noodles Chicken Flavor,451.0,2500.0,0,Estados Unidos
5000354916618,Batchelors,BIG Super Noodles imp,134.0,256.0,1,United Kingdom
8805957019486,"Maison de Corée, Samyang",Ramen  - Nouilles coréennes goût coco poulet,454.0,1200.0,1,France
4061462213038,Asia Green Garden,Instant-Nudeln mit Hühnerfleischgeschmack,73.0,315.0,1,Deutschland
3560070824861,Carrefour,Noodles saveur poulet,84.0,256.0,0,"France, Espagne"
5901384506667,Oyakata,,83.0,348.0,1,"France,États-Unis"
8720182443878,Pot Noodle,Pot Noodle Doner Kebab 90g,136.0,245.0,1,"United Kingdom,en:united-kingdom"
5997523313371,Cup Noodles,Cup Noodles Ramen Style Teriyaki Chicken Flavour,23.4,146.0,1,"Frankreich,Deutschland"
8850987101472,"mama,มาม่า",มาม่าคัพ,450.0,2430.0,1,Thailand
8888056603008,koka,Chicken Noodles,462.0,35.3,0,en:United Kingdom
8901058000191,Maggi,Family Fun Pack,384.0,1030.0,0,"United States, en:india"
8853662005003,"Agidra, Exotic Food",Nouilles Pad Thaï,211.0,1140.0,1,France
8585002442567,Maggi,Fusian oriental noodles teriyaki,360.0,1240.0,0,en:Italy
5901384502768,Ajinomoto,Oyakata Kurczak Teriyaki,242.0,708.0,1,Polska
4061462213090,Asia Green Garden,Instant-Nudeln Beef,468.0,2000.0,1,Deutschland
8901058005851,Nestle,Maggi Atta Noodles,321.0,805.8,0,"United States, en:india"
5050665045378,Naked,korean style bbq beef,171.0,536.0,0,gb
8710522599983,Knorr,Asia Noodels Thai,91.1,276.0,1,"Belgien,Deutschland,Schweiz"
19237446,Noodle Master,Nouilles à poêler au piment doux,471.0,1440.0,0,France
8901058891430,Nestle nutrition,2-minutes masala noodles,389.0,411.2,0,en:India
5997523324377,NISSIN,Soba Wok Style - Yakitori Chicken Flavour,211.0,520.0,1,"Frankreich, Germany"
8710998439592,Unknown,Nouilles,464.0,1520.0,0,en:fr
4820048616492,Maggi,Fidelicios Vită,445.0,2360.0,0,"Japan,Romania"
8720181138720,Pot Noodle,Piri-Piri Chicken Noodles,133.0,197.0,1,en:gb
6923744358180,Ever Roka,Roka Instant Noodles - Spicy Chili Flavour,464.0,1184.0,0,"France, en:morocco"
8720182528780,Knorr,Asia Noodles - Vegetable Taste,84.9,263.0,1,Deutschland
8595153900366,Unknown,Thai chicken,471.0,2240.0,0,en:fr
8852018800026,Yum Yum Thai Signature,Thai Spicy Soup,104.2,400.0,1,France
8852018101185,YumYum,Instant-Nudeln Chicken Sriracha Geschmack,0.0,0.0,1,"Frankreich,Deutschland,Norwegen"
4088600249223,Aldi Asian Inspired,Thai sweet chilli egg noodles,89.0,204.0,0,en:gb
6111249948290,Unknown,Nouilles instantanées,442.0,720.0,0,en:ma
8712429381401,Nissin,Demae Ramen Tonkotsu,92.0,0.0,1,"Frankreich, Germany"
8710522627518,"Knorr,Unilever",Asia Noodles - Duck Taste,81.0,212.0,1,"Österreich,Deutschland"
8714100679852,"Knorr,Unilever",Asia Noodles Currygeschmack,96.0,312.0,0,Deutschland
8994963002893,Indomie,noodles special chicken flavour,467.0,1600.0,0,"Italy, en:united-kingdom"
4770107252942,Sun Yan,Asian style chicken flavour instant noodles,99.0,287.0,1,en:fr
5000118203534,Pot Noodle,Chinese Chow Mein Noodles,135.0,232.0,1,"United Kingdom, United States"
8801043157735,Nongshim,AnSungTangMyun Noodle,423.0,1880.0,0,"Bulgarije,Frankrijk,Duitsland,Kazachstan,Nederland,Zuid-Korea,Verenigde Staten van Amerika"
3256225722761,U,Nouilles cuisinées cup aux fruits de mer,442.0,1880.0,0,France
8906013030015,"CG Foods, Wai wai",WAI WAI,471.0,1280.0,1,France
6111269970042,Unknown,NOSILLES POULET SPECIAL,444.8,760.0,1,en:morocco
5050665020504,Naked,Cantonese style Hoisin Duck flavour Egg Noodles,88.5,314.0,0,en:GB
8852523206092,Thai Chef,Typ Ente,421.0,2320.0,1,Deutschland
4056489354901,Newgate Express,Curry Flavour Instant Noodles,162.0,204.0,0,en:United Kingdom
8850987148651,"mama,มาม่า",Mama salted egg,191.0,600.0,1,"Thailand,Poland"
8901725005887,Sunfeast,Yippee Noodles,459.0,498.84000000000003,0,en:India
5997523317256,"Cup Noodles, Nissin",Nouilles Japonaises Curry Japonais,85.0,440.0,1,France
5050665004016,,Thai Noodles,83.0,248.0,0,"Ireland, en:gb"
8901058851328,Maggi,Maggi 2 Minutes Noodles Masala,437.14285714286,1232.14285714292,0,"France,India,Spain"
4607065580070,Unknown,Doshirak boeuf,400.0,2132.0,0,en:fr
5901384503758,"Ajinomoto, OYAKATA",Miso Rahmen,93.0,352.0,1,"Frankreich, Germany"
9555022300009,Mamee,Nouilles instantanées saveur boeuf,0.0,0.0,0,"France,Suisse"
4056489918868,"Vitasia, Lidl",Miso Soup,129.0,1.8,0,"Nemecko,Írsko,Spojené kráľovstvo,Slovensko"
7613036679992,"Maggi, Nestle",Noodle cup Curry,103.0,369.0,0,"Frankreich, Germany"
9555022300030,Mamee,Nouilles orientales arôme de champignons - 85 g - Mamee,78.0,520.0,0,France
5901384503659,"Ajinomoto, Oyakata",Japanese Beef Wasabi,234.0,624.0,1,France
4605496007494,Rollton,Instant Noodles Chicken flavour,451.0,2160.0,0,Germany
8720182414120,Lost the Pot Noodle,Chip Shop Curry Flavour Noodles,122.0,208.0,1,en:United Kingdom
3036815444712,Daisuki,Nouilles saveur Bœuf Guydon,172.0,440.0,0,France
4023900545460,Bamboo Garden,Eier Mie Nudeln,366.0,160.0,0,en:Germany
7613035897427,MAGGI,Fix Magic Asia Gebratene Nudeln,200.0,620.0,0,Alemania
8801128542609,Mr min,Nouilles instantanée,77.0,312.0,0,France
5997523313050,Nissin,CUP NOODLES Curry,85.0,440.0,1,en:fr
6921555509340,Unknown,Tomyum,461.0,1880.0,0,en:france
3263850450167,Leader Price,Noodles Leaderprice saveur boeuf,110.0,280.0,1,en:fr
6091091008369,Apollo,Nouilles Dan Bol Curry Apollo,460.0,340.0,1,France
4580352290121,Samyang,Potato ramen,433.0,1659.0,1,"France,Norway"
0055000490955,"Maggi,Nestlé",Masala Festive Pack Authentic Indian Noodles,443.0,1390.0,0,Canada
5057172957576,Asda,Noodles,162.0,0.0,0,en:gb
3263850450464,Leader Price,Noodles Saveur Curry,110.0,280.0,1,France
6923744359125,Unknown,Noodles orientales saveur crevettes,110.0,280.0,0,en:fr
8410300351610,gallina blanca,Yatekomo pollo con soja,205.0,680.0,0,España
0074603005892,Samyang,Sogokimyun,408.0,1760.0,1,"Germany,United States"
8906013032187,WAIWAI,WAI WAI,469.0,500.0,1,en:India
0089686170078,Govedina,Indo Mie Beef Noodles,440.0,1380.0,0,France
5901882110168,Vifon,,0.0,0.0,1,"Belgium,Poland"
8711327414938,Knorr,Pasta Snack Pot &quot;Pilz & Rahm&quot;,104.0,280.0,0,Germany
8850987131776,Thai agri foods co ltd,Mama Soupe Tum Yum,81.9,320.0,1,France
4897878830015,Nissin,Bkack Garlic Oil Tonkotsu Flavour,447.0,1650.0,1,"Frankreich,Deutschland"
8801043032049,Nongshim,"Pomme De Terre Nouilles Instantanées, Saveur douce",454.0,1800.0,1,"Francia,España"
8714100750612,knorr,noodles tomato,0.0,0.0,0,"Lithuania,Czech Republic"
8901014011117,"Nissin,Top Ramen",Top Ramen Atta Masala Noodles,455.15,1259300.0,0,India
8850987101489,"mama,มาม่า",,467.0,3050.0,0,Thailand
8901595963348,Ching's secret,chings noodlesd,117.0,367.0,0,"Australia, en:india"
8445291175006,Maggi,MAGGI® Nouilles instantanées sauce Teriyaki 75g,462.0,1360.0,0,en:fr
8721082875196,"Unknown, Tummie Time",Pad Thai Rice Noodles,359.0,1340.0,0,"Frankreich, Germany"
4088600249209,Asian Inspired,Singapore Curry Egg Noodles,88.0,240.0,0,en:United Kingdom
